-- --------------------------------------------------------
-- 主机:                           119.29.175.174
-- 服务器版本:                        5.6.15-log - MySQL Community Server (GPL)
-- 服务器操作系统:                      linux-glibc2.5
-- HeidiSQL 版本:                  9.3.0.4984
-- --------------------------------------------------------

/*!40101 SET @OLD_CHARACTER_SET_CLIENT=@@CHARACTER_SET_CLIENT */;
/*!40101 SET NAMES utf8mb4 */;
/*!40014 SET @OLD_FOREIGN_KEY_CHECKS=@@FOREIGN_KEY_CHECKS, FOREIGN_KEY_CHECKS=0 */;
/*!40101 SET @OLD_SQL_MODE=@@SQL_MODE, SQL_MODE='NO_AUTO_VALUE_ON_ZERO' */;
-- 正在导出表  cdio.CDIO_ATTACHMENT 的数据：~0 rows (大约)
/*!40000 ALTER TABLE `CDIO_ATTACHMENT` DISABLE KEYS */;
/*!40000 ALTER TABLE `CDIO_ATTACHMENT` ENABLE KEYS */;

-- 正在导出表  cdio.CDIO_CLASS 的数据：~0 rows (大约)
/*!40000 ALTER TABLE `CDIO_CLASS` DISABLE KEYS */;
/*!40000 ALTER TABLE `CDIO_CLASS` ENABLE KEYS */;

-- 正在导出表  cdio.CDIO_DATA_AUTHORITY 的数据：~0 rows (大约)
/*!40000 ALTER TABLE `CDIO_DATA_AUTHORITY` DISABLE KEYS */;
/*!40000 ALTER TABLE `CDIO_DATA_AUTHORITY` ENABLE KEYS */;

-- 正在导出表  cdio.CDIO_DATA_DIRECTORY 的数据：~0 rows (大约)
/*!40000 ALTER TABLE `CDIO_DATA_DIRECTORY` DISABLE KEYS */;
INSERT INTO `CDIO_DATA_DIRECTORY` (`DIRECTORY_ID`, `STATUS`, `CREATE_TIME`, `UPDATE_TIME`, `SORT_NO`, `DIRECTORY_NAME`, `CREATER`, `DIRECTORY_CODE`, `PDIRECTORY_ID`, `ISLEAF`) VALUES
	('1', 0, '2016-08-04 20:13:37', '2016-08-04 20:13:41', 1, 'CDIO资料中心', 'd45bca61-011d-4949-95e6-67118591d67a', '001', '-1', 0);
/*!40000 ALTER TABLE `CDIO_DATA_DIRECTORY` ENABLE KEYS */;

-- 正在导出表  cdio.CDIO_DATA_FILE 的数据：~0 rows (大约)
/*!40000 ALTER TABLE `CDIO_DATA_FILE` DISABLE KEYS */;
/*!40000 ALTER TABLE `CDIO_DATA_FILE` ENABLE KEYS */;

-- 正在导出表  cdio.CDIO_DEPARTMENT 的数据：~0 rows (大约)
/*!40000 ALTER TABLE `CDIO_DEPARTMENT` DISABLE KEYS */;
/*!40000 ALTER TABLE `CDIO_DEPARTMENT` ENABLE KEYS */;

-- 正在导出表  cdio.CDIO_MAJOR 的数据：~0 rows (大约)
/*!40000 ALTER TABLE `CDIO_MAJOR` DISABLE KEYS */;
/*!40000 ALTER TABLE `CDIO_MAJOR` ENABLE KEYS */;

-- 正在导出表  cdio.CDIO_MEMBER 的数据：~0 rows (大约)
/*!40000 ALTER TABLE `CDIO_MEMBER` DISABLE KEYS */;
/*!40000 ALTER TABLE `CDIO_MEMBER` ENABLE KEYS */;

-- 正在导出表  cdio.CDIO_PROJECT 的数据：~0 rows (大约)
/*!40000 ALTER TABLE `CDIO_PROJECT` DISABLE KEYS */;
/*!40000 ALTER TABLE `CDIO_PROJECT` ENABLE KEYS */;

-- 正在导出表  cdio.CDIO_PROJECT_MEMBER 的数据：~0 rows (大约)
/*!40000 ALTER TABLE `CDIO_PROJECT_MEMBER` DISABLE KEYS */;
/*!40000 ALTER TABLE `CDIO_PROJECT_MEMBER` ENABLE KEYS */;

-- 正在导出表  cdio.CDIO_PROJECT_TEACHER 的数据：~0 rows (大约)
/*!40000 ALTER TABLE `CDIO_PROJECT_TEACHER` DISABLE KEYS */;
/*!40000 ALTER TABLE `CDIO_PROJECT_TEACHER` ENABLE KEYS */;

-- 正在导出表  cdio.CDIO_TASK 的数据：~0 rows (大约)
/*!40000 ALTER TABLE `CDIO_TASK` DISABLE KEYS */;
/*!40000 ALTER TABLE `CDIO_TASK` ENABLE KEYS */;

-- 正在导出表  cdio.CDIO_TASK_MEMBER 的数据：~0 rows (大约)
/*!40000 ALTER TABLE `CDIO_TASK_MEMBER` DISABLE KEYS */;
/*!40000 ALTER TABLE `CDIO_TASK_MEMBER` ENABLE KEYS */;

-- 正在导出表  cdio.CDIO_TASK_TEACHER 的数据：~0 rows (大约)
/*!40000 ALTER TABLE `CDIO_TASK_TEACHER` DISABLE KEYS */;
/*!40000 ALTER TABLE `CDIO_TASK_TEACHER` ENABLE KEYS */;

-- 正在导出表  cdio.CDIO_TASK_TEMPLATE 的数据：~0 rows (大约)
/*!40000 ALTER TABLE `CDIO_TASK_TEMPLATE` DISABLE KEYS */;
/*!40000 ALTER TABLE `CDIO_TASK_TEMPLATE` ENABLE KEYS */;

-- 正在导出表  cdio.CDIO_TASK_TEMPLATE_TYPE 的数据：~0 rows (大约)
/*!40000 ALTER TABLE `CDIO_TASK_TEMPLATE_TYPE` DISABLE KEYS */;
/*!40000 ALTER TABLE `CDIO_TASK_TEMPLATE_TYPE` ENABLE KEYS */;

-- 正在导出表  cdio.PUB_ACCOUNT 的数据：~0 rows (大约)
/*!40000 ALTER TABLE `PUB_ACCOUNT` DISABLE KEYS */;
INSERT INTO `PUB_ACCOUNT` (`USER_ACCOUNT`, `USER_ID`, `STATUS`, `CREATE_TIME`, `UPDATE_TIME`, `SORT_NO`, `PWD`) VALUES
	('admin', '402882e7-5677ac04-0156-77ac041d-0000', 0, '2016-08-11 11:36:21', '2016-08-11 15:23:34', 0, '5d41402abc4b2a76b9719d911017c592');
/*!40000 ALTER TABLE `PUB_ACCOUNT` ENABLE KEYS */;

-- 正在导出表  cdio.PUB_CLASS 的数据：~0 rows (大约)
/*!40000 ALTER TABLE `PUB_CLASS` DISABLE KEYS */;
/*!40000 ALTER TABLE `PUB_CLASS` ENABLE KEYS */;

-- 正在导出表  cdio.PUB_CODE_GENERATE 的数据：~2 rows (大约)
/*!40000 ALTER TABLE `PUB_CODE_GENERATE` DISABLE KEYS */;
INSERT INTO `PUB_CODE_GENERATE` (`ID`, `BUSINESS_KEY`, `GENERATE_TYPE`, `LAST_GENERATE_TIME`, `RULE`, `LENGTH`, `NO`) VALUES
	('ff808081-57461a00-0157-462ce37a-0003', 'CDIOTASK', 1, '2016-09-20 13:58:49', '{"prefix":"RWBM","formatter":"yyyyMMdd","suffix":""}', 6, 0),
	('ff808081-57461a00-0157-462d3e95-0004', 'CDIOPROJECT', 1, '2016-09-20 13:59:12', '{"prefix":"XMBM","formatter":"yyyyMMdd","suffix":""}', 6, 0);
/*!40000 ALTER TABLE `PUB_CODE_GENERATE` ENABLE KEYS */;

-- 正在导出表  cdio.PUB_CODE_GENERATE_DETAIL 的数据：~0 rows (大约)
/*!40000 ALTER TABLE `PUB_CODE_GENERATE_DETAIL` DISABLE KEYS */;
/*!40000 ALTER TABLE `PUB_CODE_GENERATE_DETAIL` ENABLE KEYS */;

-- 正在导出表  cdio.PUB_CONFIG 的数据：~12 rows (大约)
/*!40000 ALTER TABLE `PUB_CONFIG` DISABLE KEYS */;
INSERT INTO `PUB_CONFIG` (`ID`, `STATUS`, `CREATE_TIME`, `UPDATE_TIME`, `COM_SORT_NO`, `PARENT_ID`, `CODE`, `NAME`, `FULL_CODE`, `DESCRIPTION`, `SORT_NO`, `FULL_NAME`, `CONFIG_KEY`, `CONFIG_VALUE`, `LEAF_MARK`) VALUES
	('402882f0-56726575-0156-726add27-0001', 0, '2016-08-10 11:06:47', '2016-08-10 11:07:05', NULL, '-1', '001', '根节点', '001', '', 1, NULL, 'ROOT_CONFIG', '', 1),
	('402882f0-56726575-0156-726b2201-0002', 0, '2016-08-10 11:07:05', '2016-08-10 11:07:25', NULL, '402882f0-56726575-0156-726add27-0001', '001', '系统设置', '001001', '', 1, NULL, 'SYS_CONFIG', '', 1),
	('402882f0-56726575-0156-726b736d-0003', 0, '2016-08-10 11:07:26', '2016-08-10 11:07:26', NULL, '402882f0-56726575-0156-726b2201-0002', '001', '全局调试开关', '001001001', '', 1, NULL, 'IS_DEBUG', 'true', 2),
	('402882f0-56a28a18-0156-a28d4409-0001', 0, '2016-08-19 19:25:59', '2016-08-19 19:26:27', NULL, '402882f0-56726575-0156-726add27-0001', '002', '系统字典', '001002', '', 2, NULL, 'SYS_DICTIONARY', '', 1),
	('402882f0-56a28a18-0156-a28dafc1-0002', 0, '2016-08-19 19:26:27', '2016-08-19 19:27:43', NULL, '402882f0-56a28a18-0156-a28d4409-0001', '001', '机构类型', '001002001', '', 1, NULL, 'DEPARTMENT_TYPE', '', 1),
	('402882f0-56a28a18-0156-a28ed970-0003', 0, '2016-08-19 19:27:43', '2016-08-19 19:32:11', NULL, '402882f0-56a28a18-0156-a28dafc1-0002', '001', '院系', '001002001001', '', 1, NULL, 'SCHOOL_DEPT', '0', 2),
	('402882f0-56a28a18-0156-a28f29e0-0004', 0, '2016-08-19 19:28:04', '2016-08-19 19:32:20', NULL, '402882f0-56a28a18-0156-a28dafc1-0002', '002', '班级', '001002001002', '', 2, NULL, 'SCHOOL_CLASS', '1', 2),
	('402882f0-56d530db-0156-d53ba8f3-0001', 0, '2016-08-29 15:37:58', '2016-08-29 15:48:03', NULL, '402882f0-56a28a18-0156-a28d4409-0001', '002', '用户类型', '001002002', '', 2, NULL, 'USER_TYPE', '', 1),
	('402882f0-56d530db-0156-d544e593-0002', 0, '2016-08-29 15:48:03', '2016-08-29 15:48:03', NULL, '402882f0-56d530db-0156-d53ba8f3-0001', '001', '系统用户', '001002002001', '', 1, NULL, 'USER_SYSTEM', '1', 2),
	('402882f0-56d530db-0156-d5452b3c-0003', 0, '2016-08-29 15:48:21', '2016-08-29 15:48:21', NULL, '402882f0-56d530db-0156-d53ba8f3-0001', '002', '老师', '001002002002', '', 2, NULL, 'USER_TEACHER', '2', 2),
	('402882f0-56d530db-0156-d5459e7d-0004', 0, '2016-08-29 15:48:50', '2016-08-29 15:48:50', NULL, '402882f0-56d530db-0156-d53ba8f3-0001', '003', '学生', '001002002003', '', 3, NULL, 'USER_STUDENT', '3', 2),
	('ff808081-57461a00-0157-4628eca8-0002', 0, '2016-09-20 13:54:29', '2016-09-20 14:05:33', NULL, '402882f0-56726575-0156-726b2201-0002', '002', '文件上传路径', '001001002', '文件上传的存储路径', 2, NULL, 'LOCAL_FILE_PATH', '/alidata/uploaddir', 2);
/*!40000 ALTER TABLE `PUB_CONFIG` ENABLE KEYS */;

-- 正在导出表  cdio.PUB_DEPARTMENT 的数据：~3 rows (大约)
/*!40000 ALTER TABLE `PUB_DEPARTMENT` DISABLE KEYS */;
INSERT INTO `PUB_DEPARTMENT` (`DEPARTMENT_ID`, `STATUS`, `CREATE_TIME`, `UPDATE_TIME`, `SORT_NO`, `PARENT_ID`, `DEPARTMENT_NAME`, `FULL_NAME`, `CODE`, `FULL_CODE`, `LEVEL`, `TYPE`, `REMARK`) VALUES
	('297e9229-5742b42d-0157-42be4740-0003', 0, '2016-09-19 21:59:11', '2016-09-19 21:59:11', 0, '-1', '计算机科学学院', '计算机科学学院', '01', '01', 1, '0', ''),
	('402882f0-57458551-0157-45861548-0002', 0, '2016-09-20 10:56:44', '2016-09-20 10:56:44', 0, '297e9229-5742b42d-0157-42be4740-0003', '计科051', '计算机科学学院>计科051', '01', '0101', 2, '1', ''),
	('402882f0-57458551-0157-458d7ca5-0004', 0, '2016-09-20 11:04:49', '2016-09-20 11:04:49', 0, '297e9229-5742b42d-0157-42be4740-0003', '计科052', '计算机科学学院>计科052', '02', '0102', 2, '1', '');
/*!40000 ALTER TABLE `PUB_DEPARTMENT` ENABLE KEYS */;

-- 正在导出表  cdio.PUB_FILE 的数据：~0 rows (大约)
/*!40000 ALTER TABLE `PUB_FILE` DISABLE KEYS */;
/*!40000 ALTER TABLE `PUB_FILE` ENABLE KEYS */;

-- 正在导出表  cdio.PUB_MAJOR 的数据：~0 rows (大约)
/*!40000 ALTER TABLE `PUB_MAJOR` DISABLE KEYS */;
/*!40000 ALTER TABLE `PUB_MAJOR` ENABLE KEYS */;

-- 正在导出表  cdio.PUB_MEMBER 的数据：~0 rows (大约)
/*!40000 ALTER TABLE `PUB_MEMBER` DISABLE KEYS */;
/*!40000 ALTER TABLE `PUB_MEMBER` ENABLE KEYS */;

-- 正在导出表  cdio.PUB_MENU 的数据：~15 rows (大约)
/*!40000 ALTER TABLE `PUB_MENU` DISABLE KEYS */;
INSERT INTO `PUB_MENU` (`MENU_ID`, `STATUS`, `CREATE_TIME`, `UPDATE_TIME`, `SORT_NO`, `MENU_NAME`, `P_MENU_ID`, `URL`, `IS_DIR`) VALUES
	('1371602d519e11e684c9180373ece78c', 0, '2016-07-24 21:06:16', '2016-07-31 11:07:32', 0, 'CDIO项目管理', 'd3c74e8a519d11e684c9180373ece78c', '/project/init', 0),
	('241f86af-d55e-423c-966b-fb5403012771', 0, '2016-06-05 22:44:15', '2016-06-05 22:44:18', NULL, '系统管理', '-1', NULL, 1),
	('297e9229-5742b42d-0157-42b73664-0001', 0, '2016-09-19 21:51:28', '2016-09-19 21:51:28', 0, '编码管理', '241f86af-d55e-423c-966b-fb5403012771', '/component/codegenerate/init', 0),
	('297e9229-5742b42d-0157-42bcefd3-0002', 0, '2016-09-19 21:57:44', '2016-09-19 21:57:44', 0, 'CDIO流程类型管理', 'd3c74e8a519d11e684c9180373ece78c', '/project/initTemplateType', 0),
	('2e631e62401911e684c9180373ece78c', 0, '2016-07-02 13:59:55', '2016-08-19 19:22:49', 0, '组织结构管理', '241f86af-d55e-423c-966b-fb5403012771', '/department/init', 0),
	('35164923401911e684c9180373ece78c', 0, '2016-07-02 14:00:06', '2016-07-04 15:17:14', 0, '专业管理', '241f86af-d55e-423c-966b-fb5403012771', '/major/init', 0),
	('4028b881-56cec4f5-0156-cec75144-0001', 0, '2016-08-28 09:32:45', '2016-08-28 09:32:45', 0, '用户管理', '241f86af-d55e-423c-966b-fb5403012771', '/user/init', 0),
	('4028b881-57195ad6-0157-195bb1b6-0002', 0, '2016-09-11 21:06:59', '2016-09-11 21:06:59', 0, 'CDIO流程类型管理', '241f86af-d55e-423c-966b-fb5403012771', '/project/initTemplateType', 0),
	('5f53052e361711e684c9180373ece78c', 0, '2016-06-19 20:20:21', '2016-06-19 20:20:21', 5, '配置管理', '241f86af-d55e-423c-966b-fb5403012771', '/config/init', 0),
	('7f4b02d636f711e684c9180373ece78c', 0, '2016-06-20 23:05:17', '2016-06-20 23:05:17', 0, '操作日志', '241f86af-d55e-423c-966b-fb5403012771', '/operationlog/init', 0),
	('8be59759330511e684c9180373ece78c', 0, '2016-06-15 22:35:05', '2016-06-19 15:47:40', 0, '操作日志配置', '241f86af-d55e-423c-966b-fb5403012771', '/operationlogconfig/init', 0),
	('a465a467526611e684c9180373ece78c', 0, '2016-07-25 21:02:01', '2016-07-25 21:02:01', 0, 'CDIO资料中心', 'd3c74e8a519d11e684c9180373ece78c', '/datacenter/init', 0),
	('b345b3e7-ff77-474b-b312-cd0e220e797b', 0, '2016-06-04 22:45:34', '2016-06-06 22:45:37', NULL, '菜单管理', '241f86af-d55e-423c-966b-fb5403012771', '/menu/init', 0),
	('d3c74e8a519d11e684c9180373ece78c', 0, '2016-07-24 21:04:30', '2016-07-24 21:04:30', 0, 'CDIO管理', '-1', '', 1),
	('f356fe3d33c311e684c9180373ece78c', 0, '2016-06-16 21:18:05', '2016-06-16 21:18:05', 0, '角色管理', '241f86af-d55e-423c-966b-fb5403012771', '/role/init', 0);
/*!40000 ALTER TABLE `PUB_MENU` ENABLE KEYS */;

-- 正在导出表  cdio.PUB_MENU_R_ROLE 的数据：~15 rows (大约)
/*!40000 ALTER TABLE `PUB_MENU_R_ROLE` DISABLE KEYS */;
INSERT INTO `PUB_MENU_R_ROLE` (`ROLE_ID`, `MENU_ID`) VALUES
	('497422653c7511e684c9180373ece78c', '1371602d519e11e684c9180373ece78c'),
	('497422653c7511e684c9180373ece78c', '241f86af-d55e-423c-966b-fb5403012771'),
	('497422653c7511e684c9180373ece78c', '297e9229-5742b42d-0157-42b73664-0001'),
	('497422653c7511e684c9180373ece78c', '297e9229-5742b42d-0157-42bcefd3-0002'),
	('497422653c7511e684c9180373ece78c', '2e631e62401911e684c9180373ece78c'),
	('497422653c7511e684c9180373ece78c', '35164923401911e684c9180373ece78c'),
	('497422653c7511e684c9180373ece78c', '4028b881-56cec4f5-0156-cec75144-0001'),
	('497422653c7511e684c9180373ece78c', '4028b881-57195ad6-0157-195bb1b6-0002'),
	('497422653c7511e684c9180373ece78c', '5f53052e361711e684c9180373ece78c'),
	('497422653c7511e684c9180373ece78c', '7f4b02d636f711e684c9180373ece78c'),
	('497422653c7511e684c9180373ece78c', '8be59759330511e684c9180373ece78c'),
	('497422653c7511e684c9180373ece78c', 'a465a467526611e684c9180373ece78c'),
	('497422653c7511e684c9180373ece78c', 'b345b3e7-ff77-474b-b312-cd0e220e797b'),
	('497422653c7511e684c9180373ece78c', 'd3c74e8a519d11e684c9180373ece78c'),
	('497422653c7511e684c9180373ece78c', 'f356fe3d33c311e684c9180373ece78c');
/*!40000 ALTER TABLE `PUB_MENU_R_ROLE` ENABLE KEYS */;

-- 正在导出表  cdio.PUB_OPERATION 的数据：~0 rows (大约)
/*!40000 ALTER TABLE `PUB_OPERATION` DISABLE KEYS */;
/*!40000 ALTER TABLE `PUB_OPERATION` ENABLE KEYS */;

-- 正在导出表  cdio.PUB_ROLE 的数据：~5 rows (大约)
/*!40000 ALTER TABLE `PUB_ROLE` DISABLE KEYS */;
INSERT INTO `PUB_ROLE` (`ROLE_ID`, `STATUS`, `CREATE_TIME`, `UPDATE_TIME`, `SORT_NO`, `ROLE_NAME`, `REMARK`) VALUES
	('4028b881-5713e0e6-0157-1403de07-000b', 0, '2016-09-10 20:12:01', '2016-09-10 20:12:01', 0, '实验室管理员', ''),
	('497422653c7511e684c9180373ece78c', 0, '2016-06-27 22:49:03', '2016-06-27 22:49:03', 0, '超级管理员', ''),
	('5a4fe0983c7511e684c9180373ece78c', 0, '2016-06-27 22:49:31', '2016-06-27 22:49:31', 0, '管理员', ''),
	('5fd3dfc23c7511e684c9180373ece78c', 0, '2016-06-27 22:49:40', '2016-06-27 22:49:40', 0, '老师', ''),
	('651e30703c7511e684c9180373ece78c', 0, '2016-06-27 22:49:49', '2016-09-01 17:46:27', 0, '学生', '');
/*!40000 ALTER TABLE `PUB_ROLE` ENABLE KEYS */;

-- 正在导出表  cdio.PUB_ROLE_T_OPERATION 的数据：~0 rows (大约)
/*!40000 ALTER TABLE `PUB_ROLE_T_OPERATION` DISABLE KEYS */;
/*!40000 ALTER TABLE `PUB_ROLE_T_OPERATION` ENABLE KEYS */;

-- 正在导出表  cdio.PUB_THIRD_AUTH 的数据：~0 rows (大约)
/*!40000 ALTER TABLE `PUB_THIRD_AUTH` DISABLE KEYS */;
/*!40000 ALTER TABLE `PUB_THIRD_AUTH` ENABLE KEYS */;

-- 正在导出表  cdio.PUB_USER 的数据：~0 rows (大约)
/*!40000 ALTER TABLE `PUB_USER` DISABLE KEYS */;
INSERT INTO `PUB_USER` (`USER_ID`, `MEMBER_ID`, `USER_ACCOUNT`, `DEPARTMENT_ID`, `STATUS`, `CREATE_TIME`, `UPDATE_TIME`, `SORT_NO`, `NICK_NAME`, `USER_NAME`, `TYPE`, `GENDER`, `PHONE`, `EMAIL`, `DESCRIPTION`) VALUES
	('402882e7-5677ac04-0156-77ac041d-0000', NULL, 'admin', '402882e8-56b5525d-0156-b5525d5b-0000', 0, '2016-08-11 11:36:21', '2016-08-24 16:47:02', 0, 'asdf', 'asdf', '1001', 1, '12312312312', 'asdf@as.as', '');
/*!40000 ALTER TABLE `PUB_USER` ENABLE KEYS */;

-- 正在导出表  cdio.PUB_USERLOG 的数据：~7 rows (大约)
/*!40000 ALTER TABLE `PUB_USERLOG` DISABLE KEYS */;
/*!40000 ALTER TABLE `PUB_USERLOG` ENABLE KEYS */;

-- 正在导出表  cdio.PUB_USERLOG_CONFIG 的数据：~0 rows (大约)
/*!40000 ALTER TABLE `PUB_USERLOG_CONFIG` DISABLE KEYS */;
/*!40000 ALTER TABLE `PUB_USERLOG_CONFIG` ENABLE KEYS */;

-- 正在导出表  cdio.PUB_USER_R_ROLE 的数据：~0 rows (大约)
/*!40000 ALTER TABLE `PUB_USER_R_ROLE` DISABLE KEYS */;
INSERT INTO `PUB_USER_R_ROLE` (`USER_ID`, `ROLE_ID`) VALUES
	('402882e7-5677ac04-0156-77ac041d-0000', '497422653c7511e684c9180373ece78c');
/*!40000 ALTER TABLE `PUB_USER_R_ROLE` ENABLE KEYS */;
/*!40101 SET SQL_MODE=IFNULL(@OLD_SQL_MODE, '') */;
/*!40014 SET FOREIGN_KEY_CHECKS=IF(@OLD_FOREIGN_KEY_CHECKS IS NULL, 1, @OLD_FOREIGN_KEY_CHECKS) */;
/*!40101 SET CHARACTER_SET_CLIENT=@OLD_CHARACTER_SET_CLIENT */;
